Area,Region
Ang Mo Kio,North-East
Bedok,East
Bishan,Central
Boon Lay,West
Bukit Batok,West
Bukit Merah,Central
Bukit Panjang,West
Bukit Timah,Central
Central Water Catchment,North
Changi,East
Choa Chu Kang,West
Clementi,West
City,Central
Geylang,Central
Hougang,North-East
Jalan Bahar,West
Jurong East,West
Jurong Island,West
Jurong West,West
Kallang,Central
Lim Chu Kang,North
Mandai,North
Marine Parade,Central
North-Eastern Islands,North-East
Novena,Central
Pasir Ris,East
Paya Lebar,East
Pioneer,West
Punggol,North-East
Queenstown,Central
Seletar,North-East
Sembawang,North
Sengkang,North-East
Sentosa,Central
Serangoon,North-East
Southern Islands,Central
Sungei Kadut,North
Tampines,East
Tanglin,Central
Tengah,West
Toa Payoh,Central
Tuas,West
Western Islands,West
Western Water Catchment,West
Woodlands,North
Yishun,North
